{"_step":0,"train_loss":0.5280369690486363,"train_accuracy":0.7825784664282877,"learning_rate":0.001,"_timestamp":1.7487007486647928e+09,"_wandb":{"runtime":4},"_runtime":4.407935827}